{"$schema":"http://schema.management.azure.com/schemas/2015-01-01/deploymentTemplate.json#","contentVersion":"1.0.0.0","parameters":{"increamental_wh":{"type":"string"},"incremental_lh":{"type":"string"}},"variables":{},"resources":[{"name":"Incremental_pipeline","type":"pipelines","apiVersion":"2018-06-01","properties":{"activities":[{"name":"watermark","type":"Lookup","dependsOn":[],"policy":{"timeout":"0.12:00:00","retry":0,"retryIntervalInSeconds":30,"secureOutput":false,"secureInput":false},"typeProperties":{"source":{"type":"DataWarehouseSource","queryTimeout":"02:00:00","partitionOption":"None"},"datasetSettings":{"annotations":[],"linkedService":{"name":"increamental_wh","properties":{"annotations":[],"type":"DataWarehouse","typeProperties":{"endpoint":"jquysxazmskepdp45v3z5gfwo4-ui3bzdtru75etdhc5gxkvi33pi.datawarehouse.fabric.microsoft.com","artifactId":"[parameters('increamental_wh')]","workspaceId":"8e1c36a2-a771-49fa-8ce2-e9aeaaa37b7a"}}},"type":"DataWarehouseTable","schema":[],"typeProperties":{"schema":"dbo","table":"tblwatermark"}}}},{"name":"factimportmaxdate","type":"Lookup","dependsOn":[],"policy":{"timeout":"0.12:00:00","retry":0,"retryIntervalInSeconds":30,"secureOutput":false,"secureInput":false},"typeProperties":{"source":{"type":"DataWarehouseSource","sqlReaderQuery":"select max(orderdate) as maxdate from factimport","queryTimeout":"02:00:00","partitionOption":"None"},"datasetSettings":{"annotations":[],"linkedService":{"name":"increamental_wh","properties":{"annotations":[],"type":"DataWarehouse","typeProperties":{"endpoint":"jquysxazmskepdp45v3z5gfwo4-ui3bzdtru75etdhc5gxkvi33pi.datawarehouse.fabric.microsoft.com","artifactId":"[parameters('increamental_wh')]","workspaceId":"8e1c36a2-a771-49fa-8ce2-e9aeaaa37b7a"}}},"type":"DataWarehouseTable","schema":[],"typeProperties":{}}}},{"name":"Copy_lr6","type":"Copy","dependsOn":[{"activity":"watermark","dependencyConditions":["Succeeded"]},{"activity":"factimportmaxdate","dependencyConditions":["Succeeded"]}],"policy":{"timeout":"0.12:00:00","retry":0,"retryIntervalInSeconds":30,"secureOutput":false,"secureInput":false},"typeProperties":{"source":{"type":"DataWarehouseSource","sqlReaderQuery":{"value":"\nselect * from factimport where orderdate<='@{activity('factimportmaxdate').output.firstRow.maxdate}'  and orderdate>'@{activity('watermark').output.firstRow.watermark}'","type":"Expression"},"partitionOption":"None","datasetSettings":{"annotations":[],"linkedService":{"name":"increamental_wh","properties":{"annotations":[],"type":"DataWarehouse","typeProperties":{"endpoint":"jquysxazmskepdp45v3z5gfwo4-ui3bzdtru75etdhc5gxkvi33pi.datawarehouse.fabric.microsoft.com","artifactId":"[parameters('increamental_wh')]","workspaceId":"8e1c36a2-a771-49fa-8ce2-e9aeaaa37b7a"}}},"type":"DataWarehouseTable","schema":[],"typeProperties":{}}},"sink":{"type":"LakehouseTableSink","tableActionOption":"Append","partitionOption":"None","datasetSettings":{"annotations":[],"linkedService":{"name":"incremental_lh","properties":{"annotations":[],"type":"Lakehouse","typeProperties":{"workspaceId":"8e1c36a2-a771-49fa-8ce2-e9aeaaa37b7a","artifactId":"[parameters('incremental_lh')]","rootFolder":"Tables"}}},"type":"LakehouseTable","schema":[],"typeProperties":{"table":"factimport"}}},"enableStaging":false,"translator":{"type":"TabularTranslator","mappings":[{"source":{"name":"ID","type":"Int32","physicalType":"int"},"sink":{"name":"ID","physicalType":"integer"}},{"source":{"name":"orderdate","type":"DateTime","physicalType":"datetime2","precision":6},"sink":{"name":"orderdate","physicalType":"timestamp"}},{"source":{"name":"productid","type":"Int32","physicalType":"int"},"sink":{"name":"productid","physicalType":"integer"}},{"source":{"name":"cost","type":"Decimal","physicalType":"decimal","scale":2,"precision":7},"sink":{"name":"cost","physicalType":"decimal","scale":2,"precision":7}}],"typeConversion":true,"typeConversionSettings":{"allowDataTruncation":true,"treatBooleanAsNumber":false}}}},{"name":"updatewatermark","type":"SqlServerStoredProcedure","dependsOn":[{"activity":"Copy_lr6","dependencyConditions":["Succeeded"]}],"policy":{"timeout":"0.12:00:00","retry":0,"retryIntervalInSeconds":30,"secureOutput":false,"secureInput":false},"typeProperties":{"storedProcedureName":"[[dbo].[updatewatermark]","storedProcedureParameters":{"watermark":{"value":{"value":"@activity('factimportmaxdate').output.firstRow.maxdate","type":"Expression"},"type":"Datetime"}}},"linkedService":{"name":"increamental_wh","properties":{"annotations":[],"type":"DataWarehouse","typeProperties":{"endpoint":"jquysxazmskepdp45v3z5gfwo4-ui3bzdtru75etdhc5gxkvi33pi.datawarehouse.fabric.microsoft.com","artifactId":"[parameters('increamental_wh')]","workspaceId":"8e1c36a2-a771-49fa-8ce2-e9aeaaa37b7a"}}}}],"lastModifiedByObjectId":"22491225-cf6f-4121-bec8-eff9bc0cae16","lastPublishTime":"2025-08-03T06:32:20Z"},"dependsOn":[]}]}